Name,Conf,Campaign,ObtainType,PetSkin,CostLegendaryTrophies,CostGems,TID,ShopTID,InfoTID,MaterialsFile,BlueTexture,RedTexture,BlueSpecular,RedSpecular,,,,,,,
string,string,int,int,string,int,int,string,string,string,string,string,string,string,string,,,,,,,
BanditGirlDefault,BanditGirlDefault,,,,,,,,,,shelly_v2_01.pvr,shelly_v2_01.pvr,shelly_v2_01.pvr,shelly_v2_01.pvr,,,,,,,
GunSlingerDefault,GunSlingerDefault,,,,,,,,,,colt_tex.pvr,colt_tex.pvr,colt_tex.pvr,colt_tex.pvr,,,,,,,
GunSlingerRockstar,GunSlingerRockstar,,,,,29,TID_GUNSLINGER_ROCKSTAR_SKIN,TID_GUNSLINGER_ROCKSTAR_SKIN_SHOP,,,colt_rockstar_tex.pvr,colt_rockstar_tex.pvr,colt_rockstar_tex.pvr,colt_rockstar_tex.pvr,,,,,,,
BullGuyDefault,BullGuyDefault,,,,,,,,,,bull_tex_01.pvr,bull_tex_01.pvr,bull_tex_01.pvr,bull_tex_01.pvr,,,,,,,
RocketGirlDefault,RocketGirlDefault,,,,,,,,,,"brock_tex.pvr+hue(masks/brock/brock_ammo_msk.png,230.233002)",brock_tex.pvr,"brock_tex.pvr+hue(masks/brock/brock_ammo_msk.png,213.488007)",brock_tex.pvr,,,,,,,
RocketGirlBeach,RocketGirlBeach,,,,,79,TID_ROCKET_BEACH_SKIN,TID_ROCKET_BEACH_SKIN_SHOP,,,"brock_beach_tex.pvr+hue(masks/brock/brock_ammo_beach_msk.png,230.233002)",brock_beach_tex.pvr,"brock_beach_tex.pvr+hue(masks/brock/brock_ammo_beach_msk.png,213.488007)",brock_beach_tex.pvr,,,,,,,
TntGuyDefault,TntGuyDefault,,,,,,,,,,"dynamike_tex.pvr+hue(masks/dynamike/dynamike_red_blue_msk.png,221.860001)",dynamike_tex.pvr,"dynamike_tex.pvr+hue(masks/dynamike/dynamike_red_blue_msk.png,213.488007)",dynamike_tex.pvr,,,,,,,
LuchadorDefault,LuchadorDefault,,,,,,,,,,primo_tex.pvr,primo_tex.pvr,primo_tex.pvr,primo_tex.pvr,,,,,,,
TurretDefault,TurretDefault,,,,,,,,,,dogturret.pvr,dogturret.pvr,dogturret.pvr,dogturret.pvr,,,,,,,
TrickshotDefault,TrickshotDefault,,,,,,,,,,rico_tex.pvr,rico_tex.pvr,rico_tex.pvr,rico_tex.pvr,,,,,,,
CactusDefault,CactusDefault,,,,,,,,,,spike_tex.pvr,spike_tex.pvr,spike_tex.pvr,spike_tex.pvr,,,,,,,
CactusPink,CactusPink,,,,,79,TID_CACTUS_PINK_SKIN,TID_CACTUS_PINK_SKIN_SHOP,,,spike_blossom_tex.pvr,spike_blossom_tex.pvr,spike_blossom_tex.pvr,spike_blossom_tex.pvr,,,,,,,
BarkeepDefault,BarkeepDefault,,,,,,,,,,barley_tex.pvr,barley_tex.pvr,barley_tex.pvr,barley_tex.pvr,,,,,,,
MechanicDefault,MechanicDefault,,,TurretDefault,,,,,,,jessie_tex.pvr,jessie_tex.pvr,jessie_tex.pvr,jessie_tex.pvr,,,,,,,
ShamanDefault,ShamanDefault,,,ShamanBearDefault,,,,,,,nita_tex.pvr,nita_tex.pvr,nita_tex.pvr,nita_tex.pvr,,,,,,,
ShamanPanda,ShamanPanda,,,ShamanBearPanda,,29,TID_SHAMAN_PANDA_SKIN,TID_SHAMAN_PANDA_SKIN_SHOP,,,nita_panda_tex.pvr,nita_panda_tex.pvr,nita_panda_tex.pvr,nita_panda_tex.pvr,,,,,,,
ShamanBearDefault,ShamanBearDefault,,,,,,,,,,nita_bear_tex.pvr,nita_bear_tex.pvr,nita_bear_tex.pvr,nita_bear_tex.pvr,,,,,,,
ShamanBearPanda,ShamanBearPanda,,,,,,,,,,nita_bear_panda_tex.pvr,nita_bear_panda_tex.pvr,nita_bear_panda_tex.pvr,nita_bear_panda_tex.pvr,,,,,,,
UndertakerDefault,UndertakerDefault,,,,,,,,,,mortis_v2_tex.pvr,mortis_v2_tex.pvr,mortis_v2_tex.pvr,mortis_v2_tex.pvr,,,,,,,
CrowDefault,CrowDefault,,,,,,,,,,crow_tex.pvr,crow_tex.pvr,crow_tex.pvr,crow_tex.pvr,,,,,,,
CrowWhite,CrowWhite,,,,,79,TID_CROW_WHITE_SKIN,TID_CROW_WHITE_SKIN_SHOP,,,crow_white_tex.pvr,crow_white_tex.pvr,crow_white_tex.pvr,crow_white_tex.pvr,,,,,,,
DeadMariachiDefault,DeadMariachiDefault,,,,,,,,,,poco_tex.pvr,poco_tex.pvr,poco_tex.pvr,poco_tex.pvr,,,,,,,
BowDudeDefault,BowDudeDefault,,,BowDudeTotemDefault,,,,,,,bo_tex.pvr,bo_tex.pvr,bo_tex.pvr,bo_tex.pvr,,,,,,,
SniperDefault,SniperDefault,,,,,,,,,,piper_tex.pvr,piper_tex.pvr,piper_tex.pvr,piper_tex.pvr,,,,,,,
MinigunDudeDefault,MinigunDudeDefault,,,HealstationDefault,,,,,,,,,,,,,,,,,
BullGuyHair,BullGuyHair,,,,,79,TID_BULL_HAIR_SKIN,TID_BULL_HAIR_SKIN_SHOP,,,bull_viking_tex.pvr,bull_viking_tex.pvr,bull_viking_tex.pvr,bull_viking_tex.pvr,,,,,,,
TrickshotGold,TrickshotGold,,,,,149,TID_TRICKSHOT_GOLD_SKIN,TID_TRICKSHOT_GOLD_SKIN_SHOP,,,rico_gold_tex.pvr,rico_gold_tex.pvr,rico_gold_tex.pvr,rico_gold_tex.pvr,,,,,,,
BarkeepGold,BarkeepGold,,,,,29,TID_BARKEEP_GOLD_SKIN,TID_BARKEEP_GOLD_SKIN_SHOP,,,barley_banker_tex.pvr,barley_banker_tex.pvr,barley_banker_tex.pvr,barley_banker_tex.pvr,,,,,,,
LuchadorRudo,LuchadorRudo,,,,,79,TID_LUCHADOR_RUDO_SKIN,TID_LUCHADOR_RUDO_SKIN_SHOP,,,primo_elrudo_tex.pvr,primo_elrudo_tex.pvr,primo_elrudo_tex.pvr,primo_elrudo_tex.pvr,,,,,,,
BanditGirlBandita,BanditGirlBandita,,,,,29,TID_SHOTGUN_BANDITA_SKIN,TID_SHOTGUN_BANDITA_SKIN_SHOP,,,shelly_bandita_tex.pvr,shelly_bandita_tex.pvr,shelly_bandita_tex.pvr,shelly_bandita_tex.pvr,,,,,,,
LuchadorRey,LuchadorRey,,,,,149,TID_LUCHADOR_KING_SKIN,TID_LUCHADOR_KING_SKIN_SHOP,,,primo_elrey_tex.pvr,primo_elrey_tex.pvr,primo_elrey_tex.pvr,primo_elrey_tex.pvr,,,,,,,
BallDefault,BallDefault,,,,,,,,,,,,,,,,,,,,
BlackholeDefault,BlackholeDefault,,,,,,,,,,tara_tex.pvr,tara_tex.pvr,tara_tex.pvr,tara_tex.pvr,,,,,,,
HealstationDefault,HealstationDefault,,,,,,,,,,pam_turret_blue_tex.pvr,pam_turret_red_tex.pvr,pam_turret_blue_tex.pvr,pam_turret_red_tex.pvr,,,,,,,
BarrelbotDefault,BarrelbotDefault,,,,,,,,,,darryl_tex.pvr,darryl_tex.pvr,darryl_tex.pvr,"darryl_tex.pvr+value(masks/darryl/darryl_msk.png,0.698000)",,,,,,,
BlackholePetDefault,BlackholePetDefault,,,,,,,,,,tara_superability_tex.pvr,tara_superability_tex.pvr,tara_superability_tex.pvr,tara_superability_tex.pvr,,,,,,,
TntPetDefault,TntPetDefault,,,,,,,,,,nita_bear_tex.pvr,nita_bear_tex.pvr,nita_bear_tex.pvr,nita_bear_tex.pvr,,,,,,,
RangedBotDefault,RangedBotDefault,,,,,,,,,,rangedbot_tex.pvr,rangedbot_tex.pvr,rangedbot_tex.pvr,rangedbot_tex.pvr,,,,,,,
MeleeFastBotDefault,MeleeFastBotDefault,,,,,,,,,,fastmeleebot_tex.pvr,fastmeleebot_tex.pvr,fastmeleebot_tex.pvr,fastmeleebot_tex.pvr,,,,,,,
MeleeBotDefault,MeleeBotDefault,,,,,,,,,,meleebot_tex.pvr,meleebot_tex.pvr,meleebot_tex.pvr,meleebot_tex.pvr,,,,,,,
BossBotDefault,BossBotDefault,,,,,,,,,,bossbot_tex.pvr,bossbot_tex.pvr,bossbot_tex.pvr,bossbot_tex.pvr,,,,,,,
ArtilleryGalDefault,ArtilleryGalDefault,,,ArtilleryTurretDefault,,,,,,,mari_tex.pvr,mari_tex.pvr,mari_tex.pvr,mari_tex.pvr,,,,,,,
FrankDefault,FrankDefault,,,,,,,,,,frank_tex.pvr,frank_tex.pvr,frank_tex.pvr,frank_tex.pvr,,,,,,,
ArtilleryTurretDefault,ArtilleryTurretDefault,,,,,,,,,,mari_tex.pvr,mari_tex.pvr,mari_tex.pvr,mari_tex.pvr,,,,,,,
MechanicKnight,MechanicKnight,,,TurretDragon,,149,TID_MECHANIC_KNIGHT_SKIN,TID_MECHANIC_KNIGHT_SKIN_SHOP,,,jessie_knight_tex.pvr,jessie_knight_tex.pvr,jessie_knight_tex.pvr,jessie_knight_tex.pvr,,,,,,,
FrankCaveman,FrankCaveman,,,,,79,TID_FRANK_CAVEMAN_SKIN,TID_FRANK_CAVEMAN_SKIN_SHOP,,,frank_caveman_01.pvr,frank_caveman_01.pvr,frank_caveman_01.pvr,frank_caveman_01.pvr,,,,,,,
TurretDragon,TurretDragon,,,,,,,,,,turret_dragon_tex.pvr,turret_dragon_tex.pvr,turret_dragon_tex.pvr,turret_dragon_tex.pvr,,,,,,,
MechanicSummer,MechanicSummer,,,TurretSummertime,,79,TID_MECHANIC_SUMMER_SKIN,TID_MECHANIC_SUMMER_SKIN_SHOP,,,jessie_summertime_tex.pvr,jessie_summertime_tex.pvr,jessie_summertime_tex.pvr,jessie_summertime_tex.pvr,,,,,,,
TurretSummertime,TurretSummertime,,,,,,,,,,turret_summertime_tex.pvr,turret_summertime_tex.pvr,turret_summertime_tex.pvr,turret_summertime_tex.pvr,,,,,,,
CrowPheonix,CrowPheonix,,,,,299,TID_CROW_PHEONIX_SKIN,TID_CROW_PHEONIX_SKIN_SHOP,,,crow_pheonix_tex.pvr,crow_pheonix_tex.pvr,crow_pheonix_tex.pvr,crow_pheonix_tex.pvr,,,,,,,
UndertakerGreaser,UndertakerGreaser,,,,,149,TID_UNDERTAKER_GREASER_SKIN,TID_UNDERTAKER_GREASER_SKIN_SHOP,,,mortis_greaser_tex_02.pvr,mortis_greaser_tex_02.pvr,mortis_greaser_tex_02.pvr,mortis_greaser_tex_02.pvr,,,,,,,
BigBotDefault,BigBotDefault,,,,,,,,,,meleebot_tex.pvr,meleebot_tex.pvr,meleebot_tex.pvr,meleebot_tex.pvr,,,,,,,
BanditGirlPrereg,BanditGirlPrereg,,,,,,TID_SHOTGUN_STAR_SKIN,TID_SHOTGUN_STAR_SKIN_SHOP,,,shelly_prereg_01.pvr,shelly_prereg_01.pvr,shelly_prereg_01.pvr,shelly_prereg_01.pvr,,,,,,,
LootBox,LootBox,,,,,,,,,,,,,,,,,,,,
TntBox,TntBox,,,,,,,,,,,,,,,,,,,,
Safe,Safe,,,,,,,,,,,,,,,,,,,,
TntGuySanta,TntGuySanta,,,,,79,TID_DYNAMIKE_SANTA_SKIN,TID_DYNAMIKE_SANTA_SKIN_SHOP,,,"dynamike_santa_tex.pvr+hue(masks/dynamike/dynamike_santa_msk.png,221.860001)",dynamike_santa_tex.pvr,"dynamike_santa_tex.pvr+hue(masks/dynamike/dynamike_santa_msk.png,213.488007)",dynamike_santa_tex.pvr,,,,,,,
TntGuyChef,TntGuyChef,,,,,149,TID_DYNAMIKE_CHEF_SKIN,TID_DYNAMIKE_CHEF_SKIN_SHOP,,,"dynamike_chef_tex.pvr+hue(masks/dynamike/dynamike_chef_msk.png,221.860001)",dynamike_chef_tex.pvr,"dynamike_chef_tex.pvr+hue(masks/dynamike/dynamike_chef_msk.png,213.488007)",dynamike_chef_tex.pvr,,,,,,,
RocketGirlBoombox,RocketGirlBoombox,,,,,79,TID_BROCK_BOOMBOX_SKIN,TID_BROCK_BOOMBOX_SKIN_SHOP,,,"brock_boombox_tex.pvr+hue(masks/brock/brock_ammo_boombox_msk.png,230.233002)",brock_boombox_tex.pvr,"brock_boombox_tex.pvr+hue(masks/brock/brock_ammo_boombox_msk.png,213.488007)",brock_boombox_tex.pvr,,,,,,,
BarkeepWizard,BarkeepWizard,,,,,,TID_BARLEY_WIZARD_SKIN,TID_BARLEY_WIZARD_SKIN_SHOP,,,barley_wizard_tex.pvr,barley_wizard_tex.pvr,barley_wizard_tex.pvr,barley_wizard_tex.pvr,,,,,,,
ShamanReindeer,ShamanReindeer,,,ShamanBearReindeer,,149,TID_NITA_REINDEER_SKIN,TID_NITA_REINDEER_SKIN_SHOP,,,nita_reindeer_tex.pvr,nita_reindeer_tex.pvr,nita_reindeer_tex.pvr,nita_reindeer_tex.pvr,,,,,,,
ArtilleryGalElf,ArtilleryGalElf,,,ArtilleryTurretElf,,79,TID_PENNY_ELF_SKIN,TID_PENNY_ELF_SKIN_SHOP,,,penny_elf_tex.pvr,penny_elf_tex.pvr,penny_elf_tex.pvr,penny_elf_tex.pvr,,,,,,,
NinjaDefault,NinjaDefault,,,,,,,,,,leon_tex.pvr,leon_tex.pvr,leon_tex.pvr,leon_tex.pvr,,,,,,,
UndertakerHat,UndertakerHat,,,,,,TID_UNDERTAKER_HAT_SKIN,TID_UNDERTAKER_HAT_SKIN_SHOP,,,mortis_v2_tex.pvr,mortis_v2_tex.pvr,mortis_v2_tex.pvr,mortis_v2_tex.pvr,,,,,,,
BullGuyFootbull,BullGuyFootbull,,,,,79,TID_SKIN_FOOTBULL,TID_SKIN_FOOTBULL_SHOP,,,bull_footbull_tex.pvr,bull_footbull_tex.pvr,bull_footbull_tex.pvr,bull_footbull_tex.pvr,,,,,,,
ShamanBearReindeer,ShamanBearReindeer,,,,,,,,,,nita_bear_reindeer_tex.pvr,nita_bear_reindeer_tex.pvr,nita_bear_reindeer_tex.pvr,nita_bear_reindeer_tex.pvr,,,,,,,
ArtilleryTurretElf,ArtilleryTurretElf,,,,,,,,,,penny_elf_tex.pvr,penny_elf_tex.pvr,penny_elf_tex.pvr,penny_elf_tex.pvr,,,,,,,
HookDefault,HookDefault,,,,,,,,,,gene_tex.pvr,gene_tex.pvr,gene_tex.pvr,gene_tex.pvr,,,,,,,
TrickshotPopcorn,TrickshotPopcorn,,,,,149,TID_SKIN_POPCORN_RICO,TID_SKIN_POPCORN_RICO_SHOP,,,rico_popcorn_tex.pvr,rico_popcorn_tex.pvr,rico_popcorn_tex.pvr,rico_popcorn_tex.pvr,,,,,,,
GunSlingerHanbok,GunSlingerHanbok,,,,,149,TID_SKIN_LUNAR_COLT,TID_SKIN_LUNAR_COLT_SHOP,,,colt_hanbok_tex.pvr,colt_hanbok_tex.pvr,colt_hanbok_tex.pvr,colt_hanbok_tex.pvr,,,,,,,
BarrelbotCny,BarrelbotCny,,,,,79,TID_SKIN_DUMPLING_DARRYL,TID_SKIN_DUMPLING_DARRYL_SHOP,,,darryl_cny_tex.pvr,darryl_cny_tex.pvr,darryl_cny_tex.pvr,darryl_cny_tex.pvr,,,,,,,
PocoValentine,PocoValentine,,,,,149,TID_SKIN_VALENTINE_POCO,TID_SKIN_VALENTINE_POCO_SHOP,,,poco_valentine_tex.pvr,poco_valentine_tex.pvr,poco_valentine_tex.pvr,poco_valentine_tex.pvr,,,,,,,
RocketGirlCny,RocketGirlCny,,,,,149,TID_SKIN_LUNAR_BROCK,TID_SKIN_LUNAR_BROCK_SHOP,,,brock_cny_tex.pvr,brock_cny_tex.pvr,brock_cny_tex.pvr,brock_cny_tex.pvr,,,,,,,
WhirlwindDefault,WhirlwindDefault,,,,,,,,,,carl_tex.pvr,carl_tex.pvr,carl_tex.pvr,carl_tex.pvr,,,,,,,
RoboWarsBox,RoboWarsBox,,,,,,,,,,,,,,,,,,,,
UndertakerNightwitch,UndertakerNightwitch,,,,,149,TID_UNDERTAKER_NIGHTWITCH_SKIN,TID_UNDERTAKER_NIGHTWITCH_SKIN_SHOP,,,mortis_nightwitch_tex.pvr,mortis_nightwitch_tex.pvr,mortis_nightwitch_tex.pvr,mortis_nightwitch_tex.pvr,,,,,,,
RoboWarsBaseDefault,RoboWarsBaseDefault,,,,,,,,,,siege_base.pvr,siege_base_red.pvr,,,,,,,,,
RosaDefault,RosaDefault,,,,,,,,,,,,,,,,,,,,
MineCart,MineCart,,,,,,,,,,,,,,,,,,,,
ShamanShiba,ShamanShiba,,,ShamanBearShiba,,149,TID_SHAMAN_SHIBA_SKIN,TID_SHAMAN_SHIBA_SKIN_SHOP,,,nita_shiba_tex.pvr,nita_shiba_tex.pvr,nita_shiba_tex.pvr,nita_shiba_tex.pvr,,,,,,,
ShamanBearShiba,ShamanBearShiba,,,,,,,,,,nita_bear_shiba_tex.pvr,nita_bear_shiba_tex.pvr,nita_bear_shiba_tex.pvr,nita_bear_shiba_tex.pvr,,,,,,,
BaseballDefault,BaseballDefault,,,,,,,,,,bibi_tex.pvr,bibi_tex.pvr,bibi_tex.pvr,bibi_tex.pvr,,,,,,,
MineCartB,MineCartB,,,,,,,,,,,,,,,,,,,,
MineCartC,MineCartC,,,,,,,,,,,,,,,,,,,,
MineCartD,MineCartD,,,,,,,,,,,,,,,,,,,,
MineCartE,MineCartE,,,,,,,,,,,,,,,,,,,,
ClusterBombDefault,ClusterBombDefault,,,ClusterBombPetDefault,,,,,,,tick_tex.pvr,tick_tex.pvr,tick_tex.pvr,tick_tex.pvr,,,,,,,
ClusterBombPetDefault,ClusterBombPetDefault,,,,,,,,,,tick_tex.pvr,tick_tex.pvr,tick_tex.pvr,tick_tex.pvr,,,,,,,
ArtilleryGalBunny,ArtilleryGalBunny,,,ArtilleryTurretBunny,,79,TID_PENNY_BUNNY_SKIN,TID_PENNY_BUNNY_SKIN_SHOP,,,penny_bunny_tex.pvr,penny_bunny_tex.pvr,penny_bunny_tex.pvr,penny_bunny_tex.pvr,,,,,,,
ArtilleryTurretBunny,ArtilleryTurretBunny,,,,,,,,,,penny_bunny_tex.pvr,penny_bunny_tex.pvr,penny_bunny_tex.pvr,penny_bunny_tex.pvr,,,,,,,
BarkeepMs,BarkeepMs,,,,,149,TID_BARLEY_MS_SKIN,TID_BARLEY_MS_SKIN_SHOP,,,barley_ms_tex.pvr,barley_ms_tex.pvr,barley_ms_tex.pvr,barley_ms_tex.pvr,,,,,,,
RocketGirlHotrod,RocketGirlHotrod,,,,,149,TID_BROCK_HOTROD_SKIN,TID_BROCK_HOTROD_SKIN_SHOP,,,brock_hotrod_tex.pvr,brock_hotrod_tex.pvr,brock_hotrod_tex.pvr,brock_hotrod_tex.pvr,,,,,,,
BarkeepMaple,BarkeepLumberjack,,,,,79,TID_BARLEY_MAPLE_SKIN,TID_BARLEY_MAPLE_SKIN_SHOP,,,barley_lumberjack_tex.pvr,barley_lumberjack_tex.pvr,barley_lumberjack_tex.pvr,barley_lumberjack_tex.pvr,,,,,,,
WhirlwindRR,WhirlwindHotrod,,,,,79,TID_CARL_RR_SKIN,TID_CARL_RR_SKIN_SHOP,,,carl_hotrod_tex.pvr,carl_hotrod_tex.pvr,carl_hotrod_tex.pvr,carl_hotrod_tex.pvr,,,,,,,
BoMecha,BoMecha,,,,,299,TID_BO_MECHA_SKIN,TID_BO_MECHA_SKIN_SHOP,,,"bo_mecha_tex.png+hue(masks/bo/bo_mecha_ammo_msk.png,205.115997)",bo_mecha_tex.png,"bo_mecha_tex.png+hue(masks/bo/bo_mecha_ammo_msk.png,205.115997)",bo_mecha_tex.png,,,,,,,
CrowMecha,CrowMecha,,,,,299,TID_CROW_MECHA_SKIN,TID_CROW_MECHA_SKIN_SHOP,,,crow_mecha_tex.png,crow_mecha_tex.png,crow_mecha_tex.png,crow_mecha_tex.png,,,,,,,
Cactusmecha,Cactusmecha,,,,,149,TID_SPIKE_ROBO_SKIN,TID_SPIKE_ROBO_SKIN_SHOP,,,spike_mecha_tex.pvr,spike_mecha_tex.pvr,spike_mecha_tex.pvr,spike_mecha_tex.pvr,,,,,,,
TntDudeMecha,TntDudeMecha,,,,,299,TID_MIKE_ROBO_SKIN,TID_MIKE_ROBO_SKIN_SHOP,,,"dynamike_mecha_tex.pvr+hue(masks/dynamike/dynamike_mecha_ammo_msk.png,198.000000)+value(masks/dynamike/dynamike_mecha_ammo_msk.png,1.279000)",dynamike_mecha_tex.pvr,"dynamike_mecha_tex.pvr+hue(masks/dynamike/dynamike_mecha_ammo_msk.png,198.000000)",dynamike_mecha_tex.pvr,,,,,,,
BowDudeMechaWhite,BoMecha,,,BowDudeTotemDefault,10000,,TID_BO_MECHA_LIGHT_SKIN,TID_BO_MECHA_LIGHT_SKIN_SHOP,,,"bo_mecha_tex.png+saturation(masks/bo/bo_mecha_colour02_msk.png,0.000000)+saturation(masks/bo/bo_mecha_colour01_msk.png,2.674000)+value(masks/bo/bo_mecha_colour01_msk.png,2.442000)+hue(masks/bo/bo_mecha_colour01_msk.png,12.558000)+saturation(masks/bo/bo_mecha_seams_msk.png,0.000000)+hue(masks/bo/bo_mecha_eyesvisor_msk.png,20.930000)+value(masks/bo/bo_mecha_colour02_msk.png,0.800000)+hue(masks/bo/bo_mecha_ammo_msk.png,205.115997)","bo_mecha_tex.png+saturation(masks/bo/bo_mecha_colour02_msk.png,0.000000)+saturation(masks/bo/bo_mecha_colour01_msk.png,2.674000)+value(masks/bo/bo_mecha_colour01_msk.png,2.442000)+hue(masks/bo/bo_mecha_colour01_msk.png,12.558000)+saturation(masks/bo/bo_mecha_seams_msk.png,0.000000)+hue(masks/bo/bo_mecha_eyesvisor_msk.png,20.930000)+value(masks/bo/bo_mecha_colour02_msk.png,0.800000)","bo_mecha_tex.png+saturation(masks/bo/bo_mecha_colour02_msk.png,0.000000)+saturation(masks/bo/bo_mecha_colour01_msk.png,5.349000)+hue(masks/bo/bo_mecha_eyesvisor_msk.png,20.930000)+hue(masks/bo/bo_mecha_ammo_msk.png,205.115997)","bo_mecha_tex.png+saturation(masks/bo/bo_mecha_colour02_msk.png,0.000000)+saturation(masks/bo/bo_mecha_colour01_msk.png,5.349000)+hue(masks/bo/bo_mecha_eyesvisor_msk.png,20.930000)+hue(masks/bo/bo_mecha_colour02_msk.png,0.000000)",,,,,,,
BowDudeMechaGold,BoMecha,,,BowDudeTotemDefault,50000,,TID_BO_MECHA_GOLD_SKIN,TID_BO_MECHA_GOLD_SKIN_SHOP,,,"bo_mecha_tex.png+value(masks/bo/bo_mecha_colour01_msk.png,1.047000)+saturation(masks/bo/bo_mecha_colour01_msk.png,8.721000)+hue(masks/bo/bo_mecha_colour01_msk.png,12.558000)+hue(masks/bo/bo_mecha_colour02_msk.png,16.000000)+value(masks/bo/bo_mecha_colour02_msk.png,3.605000)+hue(masks/bo/bo_mecha_eyesvisor_msk.png,213.488007)+hue(masks/bo/bo_mecha_ammo_msk.png,205.115997)","bo_mecha_tex.png+value(masks/bo/bo_mecha_colour01_msk.png,1.047000)+saturation(masks/bo/bo_mecha_colour01_msk.png,8.721000)+hue(masks/bo/bo_mecha_colour01_msk.png,12.558000)+hue(masks/bo/bo_mecha_colour02_msk.png,16.000000)+value(masks/bo/bo_mecha_colour02_msk.png,3.605000)+hue(masks/bo/bo_mecha_eyesvisor_msk.png,213.488007)","bo_mecha_tex.png+hue(masks/bo/bo_mecha_colour01_msk.png,12.558000)+hue(masks/bo/bo_mecha_colour01_msk.png,1.047000)+hue(masks/bo/bo_mecha_eyesvisor_msk.png,221.860001)+hue(masks/bo/bo_mecha_colour02_msk.png,8.372000)+hue(masks/bo/bo_mecha_ammo_msk.png,205.115997)","bo_mecha_tex.png+hue(masks/bo/bo_mecha_colour01_msk.png,12.558000)+hue(masks/bo/bo_mecha_colour01_msk.png,1.047000)+hue(masks/bo/bo_mecha_eyesvisor_msk.png,221.860001)+hue(masks/bo/bo_mecha_colour02_msk.png,8.372000)",,,,,,,
CrowMechaGold,CrowMecha,,,,50000,,TID_CROW_MECHA_GOLD_SKIN,TID_CROW_MECHA_GOLD_SKIN_SHOP,,,crow_mechagold_tex.png,crow_mechagold_tex.png,crow_mechagold_tex.png,crow_mechagold_tex.png,,,,,,,
CrowMechaNight,CrowMecha,,,,10000,,TID_CROW_MECHA_NIGHT_SKIN,TID_CROW_MECHA_NIGHT_SKIN_SHOP,,,"crow_mecha_tex.png+saturation(masks/crow/crow_mecha_colour01_msk.png,0.000000)+value(masks/crow/crow_mecha_colour01_msk.png,0.200000)+value(masks/crow/crow_mecha_colour02_msk.png,0.500000)+saturation(masks/crow/crow_mecha_colour02_msk.png,2.093000)+hue(masks/crow/crow_mecha_colour03_msk.png,209.302002)+value(masks/crow/crow_mecha_colour03_msk.png,1.400000)","crow_mecha_tex.png+saturation(masks/crow/crow_mecha_colour01_msk.png,0.000000)+value(masks/crow/crow_mecha_colour01_msk.png,0.200000)+value(masks/crow/crow_mecha_colour02_msk.png,0.500000)+saturation(masks/crow/crow_mecha_colour02_msk.png,2.093000)+hue(masks/crow/crow_mecha_colour03_msk.png,209.302002)+value(masks/crow/crow_mecha_colour03_msk.png,1.400000)","crow_mecha_tex.png+saturation(masks/crow/crow_mecha_colour01_msk.png,1.047000)+value(masks/crow/crow_mecha_colour01_msk.png,0.233000)+value(masks/crow/crow_mecha_colour02_msk.png,0.814000)+hue(masks/crow/crow_mecha_colour03_msk.png,209.302002)","crow_mecha_tex.png+saturation(masks/crow/crow_mecha_colour01_msk.png,1.047000)+value(masks/crow/crow_mecha_colour01_msk.png,0.233000)+value(masks/crow/crow_mecha_colour02_msk.png,0.814000)+hue(masks/crow/crow_mecha_colour03_msk.png,209.302002)",,,,,,,
BullDudeFootbullBlue,BullGuyFootbull,,,,2500,,TID_BULL_LINEBACKER_SKIN,TID_BULL_LINEBACKER_SKIN_SHOP,,,"bull_footbull_tex.pvr+hue(masks/bull/bull_footbull_colour01_msk.png,217.673996)+value(masks/bull/bull_footbull_colour01_msk.png,1.744000)+saturation(masks/bull/bull_footbull_colour01_msk.png,2.558000)+value(masks/bull/bull_footbull_helmet_msk.png,0.465000)+value(masks/bull/bull_footbull_metal_msk.png,0.233000)","bull_footbull_tex.pvr+hue(masks/bull/bull_footbull_colour01_msk.png,217.673996)+value(masks/bull/bull_footbull_colour01_msk.png,1.744000)+saturation(masks/bull/bull_footbull_colour01_msk.png,2.558000)+value(masks/bull/bull_footbull_helmet_msk.png,0.465000)+value(masks/bull/bull_footbull_metal_msk.png,0.233000)","bull_footbull_tex.pvr+hue(masks/bull/bull_footbull_colour01_msk.png,217.673996)","bull_footbull_tex.pvr+hue(masks/bull/bull_footbull_colour01_msk.png,217.673996)",,,,,,,
GunslingerOutlaw,GunSlingerRockstar,,,,500,,TID_COLT_OUTLAW_SKIN,TID_COLT_OUTLAW_SKIN_SHOP,,,colt_outlaw_tex.pvr,colt_outlaw_tex.pvr,colt_outlaw_tex.pvr,colt_outlaw_tex.pvr,,,,,,,
WhirlwindHogrider,WhirlwindHogrider,,,,,79,TID_CARL_HOG_RIDER_SKIN,TID_CARL_HOG_RIDER_SKIN_SHOP,,,carl_hogrider_tex.pvr,carl_hogrider_tex.pvr,carl_hogrider_tex.pvr,carl_hogrider_tex.pvr,,,,,,,
BallBeach,BallBeach,,,,,,,,,,,,,,,,,,,,
ArcadeDefault,ArcadeDefault,,,DamageBoosterDefault,,,,,,,8bit_tex.pvr,"8bit_tex.pvr+hue(masks/8bit/8bit_msk.png,138.000000)+saturation(masks/8bit/8bit_msk.png,3.000000)+hue(masks/8bit/8bit_light_msk.png,146.000000)",8bit_tex.pvr,"8bit_tex.pvr+hue(masks/8bit/8bit_msk.png,138.000000)+saturation(masks/8bit/8bit_msk.png,3.000000)+hue(masks/8bit/8bit_light_msk.png,146.000000)",,,,,,,
DamageBoosterDefault,DamageBoosterDefault,,,,,,,,,,8bit_tex.pvr,"8bit_tex.pvr+hue(masks/8bit/8bit_msk.png,138.000000)+saturation(masks/8bit/8bit_msk.png,3.000000)+hue(masks/8bit/8bit_light_msk.png,146.000000)",8bit_tex.pvr,"8bit_tex.pvr+hue(masks/8bit/8bit_msk.png,138.000000)+saturation(masks/8bit/8bit_msk.png,3.000000)+hue(masks/8bit/8bit_light_msk.png,146.000000)",,,,,,,
SniperPink,SniperPink,,,,500,,TID_PIPER_PINK_SKIN,TID_PIPER_PINK_SKIN_SHOP,,,piper_pink_tex.pvr,piper_pink_tex.pvr,piper_pink_tex.pvr,piper_pink_tex.pvr,,,,,,,
ArcadeClassic,ArcadeClassic,,,DamageBoosterDefault,,29,TID_8BIT_CLASSIC_SKIN,TID_8BIT_CLASSIC_SKIN_SHOP,,,8bit_classic_tex.pvr,"8bit_classic_tex.pvr+hue(masks/8bit/8bit_msk.png,138.000000)+saturation(masks/8bit/8bit_msk.png,3.000000)+hue(masks/8bit/8bit_light_msk.png,146.000000)",8bit_classic_tex.pvr,"8bit_classic_tex.pvr+hue(masks/8bit/8bit_msk.png,138.000000)+saturation(masks/8bit/8bit_msk.png,3.000000)+hue(masks/8bit/8bit_light_msk.png,146.000000)",,,,,,,
NinjaShark,NinjaShark,,,,,79,TID_LEON_SHARK_SKIN,TID_LEON_SHARK_SKIN_SHOP,,,shark_leon_tex.pvr,shark_leon_tex.pvr,shark_leon_tex.pvr,shark_leon_tex.pvr,,,,,,,
BlackHoleBlue,BlackHoleBlue,,,,500,,TID_TARA_BLUE_SKIN,TID_TARA_BLUE_SKIN_SHOP,,,tara_blue_tex.pvr,tara_blue_tex.pvr,tara_blue_tex.pvr,tara_blue_tex.pvr,,,,,,,
LootBoxMoonFestival,LootBoxMoonFestival,,,,,,,,,,,,,,,,,,,,
SandstormDefault,SandstormDefault,,,,,,,,,,sandy_tex.pvr,sandy_tex.pvr,sandy_tex.pvr,sandy_tex.pvr,,,,,,,
BeeSniperDefault,BeeSniperDefault,,,BeeSniperSlowPotDefault,,,,,,,bea_tex.pvr,bea_tex.pvr,bea_tex.pvr,bea_tex.pvr,,,,,,,
BossRaceBossDefault,BossRaceBossDefault,,,,,,,,,,bossbot_tex.pvr,bossbot_tex.pvr,bossbot_tex.pvr,bossbot_tex.pvr,,,,,,,
BarkeepWizardRed,BarkeepWizardRed,,,,2500,,TID_BARLEY_RED_WIZARD_SKIN,TID_BARLEY_RED_WIZARD_SKIN_SHOP,,,"barley_wizard_tex.pvr+hue(masks/barley/coat_msk.png,133.953003)+value(masks/barley/coat_msk.png,0.698000)","barley_wizard_tex.pvr+hue(masks/barley/coat_msk.png,133.953003)+value(masks/barley/coat_msk.png,0.698000)","barley_wizard_tex.pvr+hue(masks/barley/coat_msk.png,133.953003)+value(masks/barley/coat_msk.png,0.698000)","barley_wizard_tex.pvr+hue(masks/barley/coat_msk.png,133.953003)+value(masks/barley/coat_msk.png,0.698000)",,,,,,,
HookPirate,HookPirate,,,,,79,TID_GENE_PIRATE_SKIN,TID_GENE_PIRATE_SKIN_SHOP,,,gene_pirate_tex.pvr,gene_pirate_tex.pvr,gene_pirate_tex.pvr,gene_pirate_tex.pvr,,,,,,,
Sandstormsleepy,Sandstormsleepy,,,,,29,TID_SANDY_SLEEPY_SKIN,TID_SANDY_SLEEPY_SKIN_SHOP,,,sleepy_sandy_tex.pvr,sleepy_sandy_tex.pvr,sleepy_sandy_tex.pvr,sleepy_sandy_tex.pvr,,,,,,,
MummyDefault,MummyDefault,,,,,,,,,,emz_tex.pvr,emz_tex.pvr,emz_tex.pvr,emz_tex.pvr,,,,,,,
Sniperrose,Sniperrose,,,,,79,TID_PIPER_CALAVERA_SKIN,TID_PIPER_CALAVERA_SKIN_SHOP,,,piper_rose_tex.pvr,piper_rose_tex.pvr,piper_rose_tex.pvr,piper_rose_tex.pvr,,,,,,,
SpawnerDudeDefault,SpawnerDudeDefault,,,SpawnerDudeTurretDefault,,149,TID_BROCK_HOTROD_SKIN,TID_BROCK_HOTROD_SKIN_SHOP,,,mrp_tex.pvr,mrp_tex.pvr,mrp_tex.pvr,mrp_tex.pvr,,,,,,,
ShotgunGirlWitch,ShotgunGirlWitch,,,,,149,TID_SHELLY_WITCH_SKIN,TID_SHELLY_WITCH_SKIN_SHOP,,,shelly_witch_tex.pvr,shelly_witch_tex.pvr,shelly_witch_tex.pvr,shelly_witch_tex.pvr,,,,,,,
MechanicKnightDark,MechanicKnightDark,,,TurretDragonDark,10000,,TID_JESSIE_DARK_KNIGHT_SKIN,TID_JESSIE_DARK_KNIGHT_SKIN_SHOP,,,"jessie_knight_tex.pvr+hue(masks/jessie/jessie_knight_plume_msk.png,117.209000)+value(masks/jessie/jessie_knight_plume_msk.png,0.600000)+saturation(masks/jessie/jessie_knight_gold_msk.png,0.200000)+value(masks/jessie/jessie_knight_gold_msk.png,0.581000)+value(masks/jessie/jessie_knight_metal_msk.png,0.000000)+hue(masks/jessie/jessie_knight_fabric_msk.png,125.581001)+value(masks/jessie/jessie_knight_fabric_msk.png,0.600000)","jessie_knight_tex.pvr+hue(masks/jessie/jessie_knight_plume_msk.png,117.209000)+value(masks/jessie/jessie_knight_plume_msk.png,0.600000)+saturation(masks/jessie/jessie_knight_gold_msk.png,0.200000)+value(masks/jessie/jessie_knight_gold_msk.png,0.581000)+value(masks/jessie/jessie_knight_metal_msk.png,0.000000)+hue(masks/jessie/jessie_knight_fabric_msk.png,125.581001)+value(masks/jessie/jessie_knight_fabric_msk.png,0.600000)","jessie_knight_tex.pvr+hue(masks/jessie/jessie_knight_plume_msk.png,140.000000)+hue(masks/jessie/jessie_knight_plume_msk.png,0.400000)+saturation(masks/jessie/jessie_knight_gold_msk.png,0.200000)+value(masks/jessie/jessie_knight_gold_msk.png,0.200000)+value(masks/jessie/jessie_knight_metal_msk.png,0.698000)+value(masks/jessie/jessie_knight_fabric_msk.png,0.930000)+hue(masks/jessie/jessie_knight_fabric_msk.png,117.209000)","jessie_knight_tex.pvr+hue(masks/jessie/jessie_knight_plume_msk.png,140.000000)+hue(masks/jessie/jessie_knight_plume_msk.png,0.400000)+saturation(masks/jessie/jessie_knight_gold_msk.png,0.200000)+value(masks/jessie/jessie_knight_gold_msk.png,0.200000)+value(masks/jessie/jessie_knight_metal_msk.png,0.698000)+value(masks/jessie/jessie_knight_fabric_msk.png,0.930000)+hue(masks/jessie/jessie_knight_fabric_msk.png,117.209000)",,,,,,,
TurretDragonDark,TurretDragonDark,,,,,,,,,,"turret_dragon_tex.pvr+hue(masks/jessie/jessie_turrret_dragon_main_msk.png,322.325989)+saturation(masks/jessie/jessie_turrret_dragon_main_msk.png,0.349000)+value(masks/jessie/jessie_turrret_dragon_main_msk.png,0.200000)+hue(masks/jessie/jessie_turrret_dragon_belly_msk.png,330.697998)+saturation(masks/jessie/jessie_turrret_dragon_belly_msk.png,1.395000)+value(masks/jessie/jessie_turrret_dragon_belly_msk.png,0.930000)","turret_dragon_tex.pvr+hue(masks/jessie/jessie_turrret_dragon_main_msk.png,322.325989)+saturation(masks/jessie/jessie_turrret_dragon_main_msk.png,0.349000)+value(masks/jessie/jessie_turrret_dragon_main_msk.png,0.200000)+hue(masks/jessie/jessie_turrret_dragon_belly_msk.png,330.697998)+saturation(masks/jessie/jessie_turrret_dragon_belly_msk.png,1.395000)+value(masks/jessie/jessie_turrret_dragon_belly_msk.png,0.930000)","turret_dragon_tex.pvr+hue(masks/jessie/jessie_turrret_dragon_main_msk.png,351.627991)+saturation(masks/jessie/jessie_turrret_dragon_main_msk.png,1.047000)+value(masks/jessie/jessie_turrret_dragon_main_msk.png,0.814000)","turret_dragon_tex.pvr+hue(masks/jessie/jessie_turrret_dragon_main_msk.png,351.627991)+saturation(masks/jessie/jessie_turrret_dragon_main_msk.png,1.047000)+value(masks/jessie/jessie_turrret_dragon_main_msk.png,0.814000)",,,,,,,
HammerDudeDJ,HammerDudeDJ,,,,,79,TID_FRANK_DJ_SKIN,TID_FRANK_DJ_SKIN_SHOP,,,frank_dj_tex.pvr,frank_dj_tex.pvr,"frank_dj_tex.pvr+value(masks/frank/frank_dj_coat_msk.png,0.200000)","frank_dj_tex.pvr+value(masks/frank/frank_dj_coat_msk.png,0.200000)",,,,,,,
NinjaWolf,NinjaWolf,,,,,149,TID_LEON_WEREWOLF_SKIN,TID_LEON_WEREWOLF_SKIN_SHOP,,,leon_wolf_tex.pvr,leon_wolf_tex.pvr,leon_wolf_tex.pvr,leon_wolf_tex.pvr,,,,,,,
SpeedyDefault,SpeedyDefault,,,,,,,,,,max_tex.pvr,max_tex.pvr,max_tex.pvr,max_tex.pvr,,,,,,,
LuchadorBrown,LuchadorBrown,,,,,149,TID_EL_PRIMO_BROWN_SKIN,TID_EL_PRIMO_BROWN_SKIN_SHOP,,,primo_brown_tex.pvr,primo_brown_tex.pvr,primo_brown_tex.pvr,primo_brown_tex.pvr,,,,,,,
HomerDefault,HomerDefault,,,,,,,,,,spike_tex.pvr,spike_tex.pvr,spike_tex.pvr,spike_tex.pvr,,,,,,,
TrickshotDudeTotal,TrickshotDudeTotal,,,,,79,TID_RICO_BETA_SKIN,TID_RICO_BETA_SKIN_SHOP,,,rico_og_tex.pvr,rico_og_tex.pvr,rico_og_tex.pvr,rico_og_tex.pvr,,,,,,,
NinjaSally,NinjaSally,,,,,79,TID_LEON_SALLY_SKIN,TID_LEON_SALLY_SKIN_SHOP,,,leon_sally_tex.pvr,leon_sally_tex.pvr,leon_sally_tex.pvr,leon_sally_tex.pvr,,,,,,,
WhirlwindLeonard,WhirlwindLeonard,,,,,79,TID_CARL_LEONARD_SKIN,TID_CARL_LEONARD_SKIN_SHOP,,,carl_leonard_tex.pvr,carl_leonard_tex.pvr,carl_leonard_tex.pvr,carl_leonard_tex.pvr,,,,,,,
TntDudeSantaRope,TntDudeSantaRope,,,,,,,,,,"dynamike_santa_tex.pvr+hue(masks/dynamike/dynamike_santa_msk.png,221.860001)",dynamike_santa_tex.pvr,"dynamike_santa_tex.pvr+hue(masks/dynamike/dynamike_santa_msk.png,213.488007)",dynamike_santa_tex.pvr,,,,,,,
WhirlwindPirate,WhirlwindPirate,,,,,149,TID_CARL_CAPTAIN_SKIN,TID_CARL_CAPTAIN_SKIN_SHOP,,,"carl_pirate_tex.pvr+value(masks/carl/carl_flag_msk.png,0.000000)","carl_pirate_tex.pvr+value(masks/carl/carl_flag_msk.png,0.000000)","carl_pirate_tex.pvr+value(masks/carl/carl_flag_msk.png,0.000000)","carl_pirate_tex.pvr+value(masks/carl/carl_flag_msk.png,0.000000)",,,,,,,
GunslingerPirate,GunslingerPirate,,,,,149,TID_COLT_CORSAIR_SKIN,TID_COLT_CORSAIR_SKIN_SHOP,,,colt_pirate_tex.pvr,colt_pirate_tex.pvr,colt_pirate_tex.pvr,colt_pirate_tex.pvr,,,,,,,
CtfGift,CtfGift,,,,,,,,,,item_present_blue.pvr,item_present_red.pvr,,,,,,,,,
SpeedyGT,SpeedyGT,,,,,29,TID_MAX_BLUE_SKIN,TID_MAX_BLUE_SKIN_SHOP,,,max_gt_tex.pvr,max_gt_tex.pvr,max_gt_tex.pvr,max_gt_tex.pvr,,,,,,,
BeeSniperDefaultAddonBee,BeeSniperDefaultAddonBee,,,,,,,,,,bea_tex.pvr,bea_tex.pvr,bea_tex.pvr,bea_tex.pvr,,,,,,,
BeeSniperLadyBug,BeeSniperLadyBug,,,BeeSniperSlowPotDefault,,29,TID_BEA_LADYBUG_SKIN,TID_BEA_LADYBUG_SKIN_SHOP,,,bea_ladybug_tex.pvr,bea_ladybug_tex.pvr,bea_ladybug_tex.pvr,bea_ladybug_tex.pvr,,,,,,,
PocoPirate,PocoPirate,,,,,79,TID_POCO_PIRATE_SKIN,TID_POCO_PIRATE_SKIN_SHOP,,,poco_pirate_tex.pvr,poco_pirate_tex.pvr,poco_pirate_tex.pvr,poco_pirate_tex.pvr,,,,,,,
BeeSniperLadyBugAddonBee,BeeSniperLadyBugAddonBee,,,,,,,,,,bea_ladybug_tex.pvr,bea_ladybug_tex.pvr,bea_ladybug_tex.pvr,bea_ladybug_tex.pvr,,,,,,,
DrillerDefault,DrillerDefault,,,,,79,TID_CARL_RR_SKIN,TID_CARL_RR_SKIN_SHOP,,,jacky_tex.pvr,jacky_tex.pvr,jacky_tex.pvr,jacky_tex.pvr,,,,,,,
ArcadeVirus,ArcadeVirus,,,DamageBoosterVirus,,299,TID_8BIT_VIRUS_SKIN,TID_8BIT_VIRUS_SKIN_SHOP,,,8bit_virus_tex.pvr,8bit_virus_tex.pvr,8bit_virus_tex.pvr,8bit_virus_tex.pvr,,,,,,,
DamageBoosterVirus,DamageBoosterVirus,,,,,,,,,,8bit_virus_tex.pvr,"8bit_virus_tex.pvr+hue(masks/8bit/8bit_msk.png,138.000000)+saturation(masks/8bit/8bit_msk.png,3.000000)+hue(masks/8bit/8bit_light_msk.png,146.000000)",8bit_virus_tex.pvr,"8bit_virus_tex.pvr+hue(masks/8bit/8bit_msk.png,138.000000)+saturation(masks/8bit/8bit_msk.png,3.000000)+hue(masks/8bit/8bit_light_msk.png,146.000000)",,,,,,,
BlackHoleStreetNinja,BlackHoleStreetNinja,,,,,79,TID_TARA_STREET_NINJA_SKIN,TID_TARA_STREET_NINJA_SKIN_SHOP,,,tara_streetninja_tex.pvr,tara_streetninja_tex.pvr,tara_streetninja_tex.pvr,tara_streetninja_tex.pvr,,,,,,,
BaseballGamer,BaseballGamer,,,,,149,TID_BIBI_GAMER_SKIN,TID_BIBI_GAMER_SKIN_SHOP,,,bibi_gamer_tex.pvr,bibi_gamer_tex.pvr,bibi_gamer_tex.pvr,bibi_gamer_tex.pvr,,,,,,,
SniperValentines,SniperValentines,,,,,149,TID_PIPER_CUPID_SKIN,TID_PIPER_CUPID_SKIN_SHOP,,,piper_valentines_tex.pvr,piper_valentines_tex.pvr,piper_valentines_tex.pvr,piper_valentines_tex.pvr,,,,,,,
ShamanKoala,ShamanKoala,,,ShamanBearKoala,,79,TID_NITA_KOALA_SKIN,TID_NITA_KOALA_SKIN_SHOP,,,nita_koala_tex.pvr,nita_koala_tex.pvr,nita_koala_tex.pvr,nita_koala_tex.pvr,,,,,,,
ShamanBearKoala,ShamanBearKoala,,,,,,,,,,nita_koala_bear_tex.pvr,nita_koala_bear_tex.pvr,nita_koala_bear_tex.pvr,nita_koala_bear_tex.pvr,,,,,,,
SpawnerPetDefault,SpawnerPetDefault,,,,,,,,,,mrp_spawner_tex.pvr,mrp_spawner_tex.pvr,mrp_spawner_tex.pvr,mrp_spawner_tex.pvr,,,,,,,
SpawnerDudeTurretDefault,SpawnerDudeTurretDefault,,,,,,,,,,mrp_spawner_tex.pvr,mrp_spawner_tex.pvr,mrp_spawner_tex.pvr,mrp_spawner_tex.pvr,,,,,,,
SpawnerDudeAgentP,SpawnerDudeAgentP,,,SpawnerDudeTurretAgentP,,29,TID_MRP_AGENT_SKIN,TID_MRP_AGENT_SKIN_SHOP,,,mrp_agentp_tex.pvr,mrp_agentp_tex.pvr,mrp_agentp_tex.pvr,mrp_agentp_tex.pvr,,,,,,,
SpawnerPetAgentP,SpawnerPetAgentP,,,,,,,,,,mrp_agentp_spawner_tex.pvr,mrp_agentp_spawner_tex.pvr,mrp_agentp_spawner_tex.pvr,mrp_agentp_spawner_tex.pvr,,,,,,,
SpawnerDudeTurretAgentP,SpawnerDudeTurretAgentP,,,,,,,,,,mrp_agentp_spawner_tex.pvr,mrp_agentp_spawner_tex.pvr,mrp_agentp_spawner_tex.pvr,mrp_agentp_spawner_tex.pvr,,,,,,,
BlowerDefault,BlowerDefault,,,,,149,TID_NITA_REINDEER_SKIN,TID_NITA_REINDEER_SKIN_SHOP,,,gale_tex.pvr,gale_tex.pvr,gale_tex.pvr,gale_tex.pvr,,,,,,,
ControllerDefault,ControllerDefault,,,,,149,TID_MECHANIC_KNIGHT_SKIN,TID_MECHANIC_KNIGHT_SKIN_SHOP,,,nani_tex.pvr,nani_tex.pvr,nani_tex.pvr,nani_tex.pvr,,,,,,,
WallyDefault,WallyDefault,,,,,79,TID_POCO_PIRATE_SKIN,TID_POCO_PIRATE_SKIN_SHOP,,,sprout_tex.pvr,sprout_tex.pvr,"sprout_tex.pvr+value(masks/sprout/sprout_glass_msk.png,1.000000)+hue(masks/sprout/sprout_glass_msk.png,347.441986)","sprout_tex.pvr+value(masks/sprout/sprout_glass_msk.png,1.000000)+hue(masks/sprout/sprout_glass_msk.png,347.441986)",,,,,,,
BarrelBotFootball,BarrelBotFootball,,,,,79,TID_MASCOT_DARRYL_SKIN,TID_MASCOT_DARRYL_SKIN_SHOP,,,darryl_fb_tex.pvr,darryl_fb_tex.pvr,darryl_fb_tex.pvr,darryl_fb_tex.pvr,,,,,,,
ShotgunGirlFootball,ShotgunGirlFootball,,,,,79,TID_PSG_SHELLY_SKIN,TID_PSG_SHELLY_SKIN_SHOP,,,shelly_fb_tex.pvr,shelly_fb_tex.pvr,shelly_fb_tex.pvr,shelly_fb_tex.pvr,,,,,,,
TntDudeFootball,TntDudeFootball,,,,,149,TID_COACH_MIKE_SKIN,TID_COACH_MIKE_SKIN_SHOP,,,dynamike_coach_tex.pvr,dynamike_coach_tex.pvr,dynamike_coach_tex.pvr,dynamike_coach_tex.pvr,,,,,,,
BallArena,BallArena,,,,,,,,,,,,,,,,,,,,
MechanicTanuki,MechanicTanuki,,,MechanicTurretTanuki,,149,TID_TANUKI_JESSIE_SKIN,TID_TANUKI_JESSIE_SKIN_SHOP,,,jessie_tanuki_tex.pvr,jessie_tanuki_tex.pvr,jessie_tanuki_tex.pvr,jessie_tanuki_tex.pvr,,,,,,,
BowDudeHorus,BowDudeHorus,,,BowDudeTotemDefault,,149,TID_HORUS_BO_SKIN,TID_HORUS_BO_SKIN_SHOP,,,bo_falcon_tex.pvr,bo_falcon_tex.pvr,bo_falcon_tex.pvr,bo_falcon_tex.pvr,,,,,,,
BallArenaPSG,BallArenaPSG,,,,,,,,,,,,,,,,,,,,
ArtilleryDudeDarkBunny,ArtilleryDudeDarkBunny,,,ArtilleryTurretDarkBunny,10000,,TID_BLACK_BUNNY_PENNY_SKIN,TID_BLACK_BUNNY_PENNY_SKIN_SHOP,,,penny_bunnydark_tex.pvr,penny_bunnydark_tex.pvr,penny_bunnydark_tex.pvr,penny_bunnydark_tex.pvr,,,,,,,
ArtilleryTurretDarkBunny,ArtilleryTurretBunny,,,,,,,,,,penny_bunnydark_tex.pvr,penny_bunnydark_tex.pvr,penny_bunnydark_tex.pvr,penny_bunnydark_tex.pvr,,,,,,,
MummyCollege,MummyCollege,,,,500,,TID_COLLEGE_EMZ_SKIN,TID_COLLEGE_EMZ_SKIN_SHOP,,,emz_college_tex.pvr,emz_college_tex.pvr,emz_college_tex.pvr,emz_college_tex.pvr,,,,,,,
BeeSniperSlowPotDefault,BeeSniperSlowPotDefault,,,,,,,,,,bea_gadget_honeypot_tex.pvr,bea_gadget_honeypot_tex.pvr,bea_gadget_honeypot_tex.pvr,bea_gadget_honeypot_tex.pvr,,,,,,,
MechanicTurretTanuki,MechanicTurretTanuki,,,,,,,,,,turret_jessie_tanuki_tex.pvr,turret_jessie_tanuki_tex.pvr,turret_jessie_tanuki_tex.pvr,turret_jessie_tanuki_tex.pvr,,,,,,,
BowDudeTotemDefault,BowDudeTotemDefault,,,,,,,,,,bo_gadget_totem_tex.pvr,bo_gadget_totem_tex.pvr,bo_gadget_totem_tex.pvr,bo_gadget_totem_tex.pvr,,,,,,,
TrickshotDudeBazaar,TrickshotDudeBazaar,,,,,149,TID_GUARD_RICO_SKIN,TID_GUARD_RICO_SKIN_SHOP,,,rico_dark.pvr,rico_dark.pvr,rico_dark.pvr,rico_dark.pvr,,,,,,,
HookDudeBazaar,HookDudeBazaar,,,,,149,TID_EVIL_GENE_SKIN,TID_EVIL_GENE_SKIN_SHOP,,,gene_dark_tex.pvr,gene_dark_tex.pvr,gene_dark_tex.pvr,gene_dark_tex.pvr,,,,,,,
UndertakerBazaar,UndertakerBazaar,,,,,149,TID_ROGUE_MORTIS_SKIN,TID_ROGUE_MORTIS_SKIN_SHOP,,,mortis_dark_tex.pvr,mortis_dark_tex.pvr,mortis_dark_tex.pvr,mortis_dark_tex.pvr,,,,,,,
MechanicRedDragon,MechanicRedDragon,,,TurretRedDragon,,79,TID_RED_DRAGON_JESSIE_SKIN,TID_RED_DRAGON_JESSIE_SKIN_SHOP,,,jessie_red-dragon_tex.pvr,jessie_red-dragon_tex.pvr,jessie_red-dragon_tex.pvr,jessie_red-dragon_tex.pvr,,,,,,,
TurretRedDragon,TurretRedDragon,,,,,,,,,,jessie_red-dragon_turret_tex.pvr,jessie_red-dragon_turret_tex.pvr,jessie_red-dragon_turret_tex.pvr,jessie_red-dragon_turret_tex.pvr,,,,,,,
DrillerConstructor,DrillerConstructor,,,,,29,TID_CONSTRUCTOR_JACKY_SKIN,TID_CONSTRUCTOR_JACKY_SKIN_SHOP,,,jacky_constructor_tex.pvr,jacky_constructor_tex.pvr,jacky_constructor_tex.pvr,jacky_constructor_tex.pvr,,,,,,,
WallyHawaii,WallyHawaii,,,,,29,TID_TROPICAL_SPROUT_SKIN,TID_TROPICAL_SPROUT_SKIN_SHOP,,,sprout_hawaii_tex.pvr,sprout_hawaii_tex.pvr,"sprout_hawaii_tex.pvr+value(masks/sprout/sprout_glass_msk.png,1.000000)+hue(masks/sprout/sprout_glass_msk.png,347.441986)","sprout_hawaii_tex.pvr+value(masks/sprout/sprout_glass_msk.png,1.000000)+hue(masks/sprout/sprout_glass_msk.png,347.441986)",,,,,,,
BullDudeBarbking,BullDudeBarbking,,,,,79,TID_BARBARIAN_KING_BULL_SKIN,TID_BARBARIAN_KING_BULL_SKIN_SHOP,,,bull_barbking_tex.pvr,bull_barbking_tex.pvr,bull_barbking_tex.pvr,bull_barbking_tex.pvr,,,,,,,
MinigunDudeSummer,MinigunDudeSummer,,,HealingStationSummer,,79,TID_HOLIDAY_PAM_SKIN,TID_HOLIDAY_PAM_SKIN_SHOP,,,,,,,,,,,,,
BlowerTrader,BlowerTrader,,,,,149,TID_MERCHANT_GALE_SKIN,TID_MERCHANT_GALE_SKIN_SHOP,,,gale_trader_tex.pvr,gale_trader_tex.pvr,gale_trader_tex.pvr,gale_trader_tex.pvr,,,,,,,
ControllerDefaultAddon,ControllerDefaultAddon,,,,,,,,,,nani_tex.pvr,nani_tex.pvr,nani_tex.pvr,nani_tex.pvr,,,,,,,
HealingStationSummer,HealingStationSummer,,,,,,,,,,"pam_summer_gun_tex.pvr+hue(masks/pam/pam_summer_gun_msk.png,238.604996)",pam_summer_gun_tex.pvr,"pam_summer_gun_tex.pvr+hue(masks/pam/pam_summer_gun_msk.png,238.604996)",pam_summer_gun_tex.pvr,,,,,,,
LuchadorGold,LuchadorGold,,,,,,TID_TRUE_GOLD_EL_PRIMO_SKIN,TID_TRUE_GOLD_EL_PRIMO_SKIN_SHOP,,gold_materials.scw,primo_gold_tex.pvr,primo_gold_tex.pvr,primo_gold_tex.pvr,primo_gold_tex.pvr,,,,,,,
PowerLevelerDefault,PowerLevelerDefault,,,,,,,,,,surge_tex.pvr,surge_tex.pvr,surge_tex.pvr,surge_tex.pvr,,,,,,,
MummyGold,MummyGold,,,,,,TID_TRUE_GOLD_EMZ_SKIN,TID_TRUE_GOLD_EMZ_SKIN_SHOP,,gold_materials.scw,emz_gold_tex.pvr,emz_gold_tex.pvr,emz_gold_tex.pvr,emz_gold_tex.pvr,,,,,,,
MummySilver,MummySilver,,,,,,TID_TRUE_SILVER_EMZ_SKIN,TID_TRUE_SILVER_EMZ_SKIN_SHOP,,silver_materials.scw,emz_silver_tex.pvr,emz_silver_tex.pvr,emz_silver_tex.pvr,emz_silver_tex.pvr,,,,,,,
LuchadorSilver,LuchadorSilver,,,,,,TID_TRUE_SILVER_EL_PRIMO_SKIN,TID_TRUE_SILVER_EL_PRIMO_SKIN_SHOP,,silver_materials.scw,primo_silver_tex.pvr,primo_silver_tex.pvr,primo_silver_tex.pvr,primo_silver_tex.pvr,,,,,,,
BeeSniperMonster,BeeSniperMonster,,,BeeSniperSlowPotDefault,,149,TID_MEGA_BEETLE_BEA_SKIN,TID_MEGA_BEETLE_BEA_SKIN_SHOP,,,bea_bug_tex.pvr,bea_bug_tex.pvr,bea_bug_tex.pvr,bea_bug_tex.pvr,,,,,,,
DrillerMonster,DrillerMonster,,,,,149,TID_ULTRA_DRILLER_JACKY_SKIN,TID_ULTRA_DRILLER_JACKY_SKIN_SHOP,,,jacky_driller_tex.pvr,jacky_driller_tex.pvr,jacky_driller_tex.pvr,jacky_driller_tex.pvr,,,,,,,
ClusterBombMonster,ClusterBombMonster,,,ClusterBombPetMonster,,79,TID_KING_CRAB_TICK_SKIN,TID_KING_CRAB_TICK_SKIN_SHOP,,,tick_crab_tex.pvr,tick_crab_tex.pvr,tick_crab_tex.pvr,tick_crab_tex.pvr,,,,,,,
BossKaijuDefault,BossKaijuDefault,,,,,,,,,,kaiju_boss_tex.pvr,kaiju_boss_tex.pvr,kaiju_boss_tex.pvr,kaiju_boss_tex.pvr,,,,,,,
BeeSniperMonsterAddonBee,BeeSniperMonsterAddonBee,,,,,,,,,,bea_bug_tex.pvr,bea_bug_tex.pvr,bea_bug_tex.pvr,bea_bug_tex.pvr,,,,,,,
SafeBank,SafeBank,,,,,,,,,,,,,,,,,,,,
ControllerRetro,ControllerRetro,,,,,29,TID_RETRO_NANI_SKIN,TID_RETRO_NANI_SKIN_SHOP,,,nani_retro_tex.pvr,nani_retro_tex.pvr,nani_retro_tex.pvr,nani_retro_tex.pvr,,,,,,,
ShotgunGirlGold,ShotgunGirlGold,,,,,,TID_TRUE_GOLD_SHELLY_SKIN,TID_TRUE_GOLD_SHELLY_SKIN_SHOP,,gold_materials.scw,shelly_gold_tex.pvr,shelly_gold_tex.pvr,shelly_gold_tex.pvr,shelly_gold_tex.pvr,,,,,,,
ShotgunGirlSilver,ShotgunGirlSilver,,,,,,TID_TRUE_SILVER_SHELLY_SKIN,TID_TRUE_SILVER_SHELLY_SKIN_SHOP,,silver_materials.scw,shelly_silver_tex.pvr,shelly_silver_tex.pvr,shelly_silver_tex.pvr,shelly_silver_tex.pvr,,,,,,,
SniperGold,SniperGold,,,,,,TID_TRUE_GOLD_PIPER_SKIN,TID_TRUE_GOLD_PIPER_SKIN_SHOP,,gold_materials.scw,piper_gold_tex.pvr,piper_gold_tex.pvr,piper_gold_tex.pvr,piper_gold_tex.pvr,,,,,,,
SniperSilver,SniperSilver,,,,,,TID_TRUE_SILVER_PIPER_SKIN,TID_TRUE_SILVER_PIPER_SKIN_SHOP,,silver_materials.scw,piper_silver_tex.pvr,piper_silver_tex.pvr,piper_silver_tex.pvr,piper_silver_tex.pvr,,,,,,,
NinjaGold,NinjaGold,,,,,,TID_TRUE_GOLD_LEON_SKIN,TID_TRUE_GOLD_LEON_SKIN_SHOP,,gold_materials.scw,leon_gold_tex.pvr,leon_gold_tex.pvr,leon_gold_tex.pvr,leon_gold_tex.pvr,,,,,,,
NinjaSilver,NinjaSilver,,,,,,TID_TRUE_SILVER_LEON_SKIN,TID_TRUE_SILVER_LEON_SKIN_SHOP,,silver_materials.scw,leon_silver_tex.pvr,leon_silver_tex.pvr,leon_silver_tex.pvr,leon_silver_tex.pvr,,,,,,,
RocketGirlRanger,RocketGirlRanger,,,,,79,TID_SUPER_RANGER_BROCK_SKIN,TID_SUPER_RANGER_BROCK_SKIN_SHOP,,,brock_ranger_tex.pvr,brock_ranger_tex.pvr,brock_ranger_tex.pvr,brock_ranger_tex.pvr,,,,,,,
SpeedyTracksuit,SpeedyTracksuit,,,,,79,TID_STREETWEAR_MAX_SKIN,TID_STREETWEAR_MAX_SKIN_SHOP,,,max_tracksuit_tex.pvr,max_tracksuit_tex.pvr,max_tracksuit_tex.pvr,max_tracksuit_tex.pvr,,,,,,,
PowerLevelerKnight,PowerLevelerKnight,,,,,149,TID_MECHA_PALADIN_SURGE_SKIN,TID_MECHA_PALADIN_SURGE_SKIN_SHOP,,,surge_knight_tex.pvr,surge_knight_tex.pvr,surge_knight_tex.pvr,surge_knight_tex.pvr,,,,,,,
ClusterBombPetMonster,ClusterBombPetMonster,,,,,,,,,,tick_crab_tex.pvr,tick_crab_tex.pvr,tick_crab_tex.pvr,tick_crab_tex.pvr,,,,,,,
ControllerRetroAddon,ControllerRetroAddon,,,,,,,,,,nani_retro_tex.pvr,nani_retro_tex.pvr,nani_retro_tex.pvr,nani_retro_tex.pvr,,,,,,,
PercenterDefault,PercenterDefault,,,MechanicTurretTanuki,,,,,,,colette_tex.pvr,colette_tex.pvr,colette_tex.pvr,colette_tex.pvr,,,,,,,
FireDudeDefault,FireDudeDefault,,,,,,,,,,amber_tex.pvr,amber_tex.pvr,amber_tex.pvr,amber_tex.pvr,,,,,,,
CactusMask,CactusMask,,,,,29,TID_MASK_SPIKE_SKIN,TID_MASK_SPIKE_SKIN_SHOP,,,,,,,,,,,,,
MummyGiftShop,MummyGiftShop,,,,,149,TID_SUPER_FAN_EMZ_SKIN,TID_SUPER_FAN_EMZ_SKIN_SHOP,,,emz_giftshop_tex.pvr,emz_giftshop_tex.pvr,emz_giftshop_tex.pvr,emz_giftshop_tex.pvr,,,,,,,
SandstormGiftShop,SandstormGiftShop,,,,,79,TID_SUGAR_RUSH_SANDY_SKIN,TID_SUGAR_RUSH_SANDY_SKIN_SHOP,,,sandy_sugar_addict_tex.pvr,sandy_sugar_addict_tex.pvr,sandy_sugar_addict_tex.pvr,sandy_sugar_addict_tex.pvr,,,,,,,
WallyMoon,WallyMoon,,,,,149,TID_LUNAR_SPROUT_SKIN,TID_LUNAR_SPROUT_SKIN_SHOP,,,sprout_moon_tex.pvr,sprout_moon_tex.pvr,sprout_moon_tex.pvr,sprout_moon_tex.pvr,,,,,,,
PercenterTrixie,PercenterTrixie,,,MechanicTurretTanuki,,149,TID_TRIXIE_COLETTE_SKIN,TID_TRIXIE_COLETTE_SKIN_SHOP,,,colette_trixie_tex.pvr,colette_trixie_tex.pvr,colette_trixie_tex.pvr,colette_trixie_tex.pvr,,,,,,,
LuchadorAtomic,LuchadorAtomic,,,,10000,,TID_EL_ATOMICO_SKIN,TID_EL_ATOMICO_SKIN_SHOP,,,primo_atomico_tex.pvr,primo_atomico_tex.pvr,primo_atomico_tex.pvr,"primo_atomico_tex.pvr+hue(masks/primo/primo_atomico_msk.png,339.070007)",,,,,,,
PocoStarr,PocoStarr,,,,,79,TID_POCO_STARR_SKIN,TID_POCO_STARR_SKIN_SHOP,,,poco_starr_tex.pvr,poco_starr_tex.pvr,poco_starr_tex.pvr,poco_starr_tex.pvr,,,,,,,
RosaRosaBrawloween,RosaRosaBrawloween,,,,,79,TID_BRAWLOWEEN_ROSA_SKIN,TID_BRAWLOWEEN_ROSA_SKIN_SHOP,,,,,,,,,,,,,
BowDudeDemonic,BowDudeDemonic,,,BowDudeTotemDefault,,149,TID_UNDERWORLD_BO_SKIN,TID_UNDERWORLD_BO_SKIN_SHOP,,,bo_demonic_tex.pvr,bo_demonic_tex.pvr,bo_demonic_tex.pvr,bo_demonic_tex.pvr,,,,,,,
GunslingerPlayer,GunslingerPlayer,,,,,149,TID_CHALLENGER_COLT_SKIN,TID_CHALLENGER_COLT_SKIN_SHOP,,,colt_player_tex.pvr,colt_player_tex.pvr,colt_player_tex.pvr,colt_player_tex.pvr,,,,,,,
BullDudeGold,BullDudeGold,,,,,,TID_TRUE_GOLD_BULL_SKIN,TID_TRUE_GOLD_BULL_SKIN_SHOP,,gold_materials.scw,bull_gold_tex.pvr,bull_gold_tex.pvr,bull_gold_tex.pvr,bull_gold_tex.pvr,,,,,,,
BullDudeSilver,BullDudeSilver,,,,,,TID_TRUE_SILVER_BULL_SKIN,TID_TRUE_SILVER_BULL_SKIN_SHOP,,silver_materials.scw,bull_silver_tex.pvr,bull_silver_tex.pvr,bull_silver_tex.pvr,bull_silver_tex.pvr,,,,,,,
BarkeepTrueGold,BarkeepTrueGold,,,,,,TID_TRUE_GOLD_BARLEY_SKIN,TID_TRUE_GOLD_BARLEY_SKIN_SHOP,,gold_materials.scw,barley_gold_tex.pvr,barley_gold_tex.pvr,barley_gold_tex.pvr,barley_gold_tex.pvr,,,,,,,
BarkeepTrueSilver,BarkeepTrueSilver,,,,,,TID_TRUE_SILVER_BARLEY_SKIN,TID_TRUE_SILVER_BARLEY_SKIN_SHOP,,silver_materials.scw,barley_silver_tex.pvr,barley_silver_tex.pvr,barley_silver_tex.pvr,barley_silver_tex.pvr,,,,,,,
BaseballZombibi,BaseballZombibi,,,,,79,TID_ZOMBIBI_SKIN,TID_ZOMBIBI_SKIN_SHOP,,,bibi_zombibi_tex.pvr,bibi_zombibi_tex.pvr,bibi_zombibi_tex.pvr,bibi_zombibi_tex.pvr,,,,,,,
TrickshotDudeTrueGold,TrickshotDudeTrueGold,,,,,,TID_TRUE_GOLD_RICO_SKIN,TID_TRUE_GOLD_RICO_SKIN_SHOP,,gold_materials.scw,rico_truegold_tex.pvr,rico_truegold_tex.pvr,rico_truegold_tex.pvr,rico_truegold_tex.pvr,,,,,,,
TrickshotDudeSilver,TrickshotDudeSilver,,,,,,TID_TRUE_SILVER_RICO_SKIN,TID_TRUE_SILVER_RICO_SKIN_SHOP,,silver_materials.scw,rico_silver_tex.pvr,rico_silver_tex.pvr,rico_silver_tex.pvr,rico_silver_tex.pvr,,,,,,,
HammerDudeGold,HammerDudeGold,,,,,,TID_TRUE_GOLD_FRANK_SKIN,TID_TRUE_GOLD_FRANK_SKIN_SHOP,,gold_materials.scw,frank_gold_tex.pvr,frank_gold_tex.pvr,frank_gold_tex.pvr,frank_gold_tex.pvr,,,,,,,
HammerDudeSilver,HammerDudeSilver,,,,,,TID_TRUE_SILVER_FRANK_SKIN,TID_TRUE_SILVER_FRANK_SKIN_SHOP,,silver_materials.scw,frank_silver_tex.pvr,frank_silver_tex.pvr,frank_silver_tex.pvr,frank_silver_tex.pvr,,,,,,,
UndertakerHatGold,UndertakerHatGold,,,,,,TID_TRUE_GOLD_MORTIS_SKIN,TID_TRUE_GOLD_MORTIS_SKIN_SHOP,,gold_materials.scw,mortis_gold_tex.pvr,mortis_gold_tex.pvr,mortis_gold_tex.pvr,mortis_gold_tex.pvr,,,,,,,
UndertakerGold,UndertakerGold,,,,,,TID_TRUE_GOLD_MORTIS_SKIN,TID_TRUE_GOLD_MORTIS_SKIN_SHOP,,gold_materials.scw,mortis_gold_tex.pvr,mortis_gold_tex.pvr,mortis_gold_tex.pvr,mortis_gold_tex.pvr,,,,,,,
UndertakerHatSilver,UndertakerHatSilver,,,,,,TID_TRUE_SILVER_MORTIS_SKIN,TID_TRUE_SILVER_MORTIS_SKIN_SHOP,,silver_materials.scw,mortis_silver_tex.pvr,mortis_silver_tex.pvr,mortis_silver_tex.pvr,mortis_silver_tex.pvr,,,,,,,
UndertakerSilver,UndertakerSilver,,,,,,TID_TRUE_SILVER_MORTIS_SKIN,TID_TRUE_SILVER_MORTIS_SKIN_SHOP,,silver_materials.scw,mortis_silver_tex.pvr,mortis_silver_tex.pvr,mortis_silver_tex.pvr,mortis_silver_tex.pvr,,,,,,,
IceDudeDefault,IceDudeDefault,,,,,,,,,,lou_tex.pvr,lou_tex.pvr,lou_tex.pvr,lou_tex.pvr,,,,,,,
SpeedyLine,SpeedyLine,,,,,149,TID_CONY_MAX_SKIN,TID_CONY_MAX_SKIN_SHOP,,,max_cony_tex.pvr,max_cony_tex.pvr,max_cony_tex.pvr,max_cony_tex.pvr,,,,,,,
ControllerLine,ControllerLine,,,,,149,TID_SALLY_NANI_SKIN,TID_SALLY_NANI_SHOP,,,nani_line_friends_tex.pvr,nani_line_friends_tex.pvr,nani_line_friends_tex.pvr,nani_line_friends_tex.pvr,,,,,,,
SniperLine,SniperLine,,,,,79,TID_CHOCO_PIPER_SKIN,TID_CHOCO_PIPER_SHOP,,,piper_line_friends_tex.pvr,piper_line_friends_tex.pvr,piper_line_friends_tex.pvr,piper_line_friends_tex.pvr,,,,,,,
ControllerLineAddon,ControllerLineAddon,,,,,,,,,,nani_line_friends_tex.pvr,nani_line_friends_tex.pvr,nani_line_friends_tex.pvr,nani_line_friends_tex.pvr,,,,,,,
TntDudeSnowtel,TntDudeSnowtel,,,,,79,TID_BELLHOP_MIKE_SKIN,TID_BELLHOP_MIKE_SHOP,,,dynamike_groom_tex.pvr,dynamike_groom_tex.pvr,dynamike_groom_tex.pvr,dynamike_groom_tex.pvr,,,,,,,
IceDudeKing,IceDudeKing,,,,,149,TID_KING_LOU_SKIN,TID_KING_LOU_SHOP,,,lou_king_tex.pvr,lou_king_tex.pvr,lou_king_tex.pvr,lou_king_tex.pvr,,,,,,,
SafeRed,SafeRed,,,,,,,,,,,,,,,,,,,,
SnakeOilDefault,SnakeOilDefault,,,,,,,,,,byron_tex.pvr,byron_tex.pvr,byron_tex.pvr,byron_tex.pvr,,,,,,,
EnragerDefault,EnragerDefault,,,,,,,,,,edgar_tex.pvr,edgar_tex.pvr,edgar_tex.pvr,edgar_tex.pvr,,,,,,,
BlowerNutcracker,BlowerNutcracker,,,,,149,TID_GALE_NUTCRACKER,TID_GALE_NUTCRACKER_SHOP,,,gale_nutcracker_tex.pvr,gale_nutcracker_tex.pvr,gale_nutcracker_tex.pvr,gale_nutcracker_tex.pvr,,,,,,,
RocketGirlOg,RocketGirlOg,,,,,79,TID_OLD_SCHOOL_BROCK,TID_OLD_SCHOOL_BROCK_SHOP,,,brock_redux_tex.pvr,brock_redux_tex.pvr,brock_redux_tex.pvr,brock_redux_tex.pvr,,,,,,,
ClusterBombDudeSnowman,ClusterBombDudeSnowman,,,ClusterBombPetSnowman,,79,TID_SNOWMAN_TICK,TID_SNOWMAN_TICK_SHOP,,,tick_snowman_tex.pvr,tick_snowman_tex.pvr,tick_snowman_tex.pvr,tick_snowman_tex.pvr,,,,,,,
HammerDudeXmas,HammerDudeXmas,,,,,149,TID_HOLIDAY_PARTY_FRANK,TID_HOLIDAY_PARTY_FRANK_SHOP,,,frank_xmasparty_tex.pvr,frank_xmasparty_tex.pvr,frank_xmasparty_tex.pvr,frank_xmasparty_tex.pvr,,,,,,,
BowDudeWarrior,BowDudeWarrior,,,BowDudeTotemDefault,,29,TID_WARRIOR_BO_SKIN,TID_WARRIOR_BO_SKIN_SHOP,,,bo_warrior_tex.pvr,bo_warrior_tex.pvr,bo_warrior_tex.pvr,bo_warrior_tex.pvr,,,,,,,
ClusterBombDudeGold,ClusterBombDudeGold,,,ClusterBombPetGold,,,TID_TRUE_GOLD_TICK_SKIN,TID_TRUE_GOLD_TICK_SKIN_SHOP,,gold_materials.scw,tick_gold_tex.pvr,tick_gold_tex.pvr,tick_gold_tex.pvr,tick_gold_tex.pvr,,,,,,,
ClusterBombDudeSilver,ClusterBombDudeSilver,,,ClusterBombPetSilver,,,TID_TRUE_SILVER_TICK_SKIN,TID_TRUE_SILVER_TICK_SKIN_SHOP,,silver_materials.scw,tick_silver_tex.pvr,tick_silver_tex.pvr,tick_silver_tex.pvr,tick_silver_tex.pvr,,,,,,,
CrowGold,CrowGold,,,,,,TID_TRUE_GOLD_CROW_SKIN,TID_TRUE_GOLD_CROW_SKIN_SHOP,,gold_materials.scw,crow_gold_tex.pvr,crow_gold_tex.pvr,crow_gold_tex.pvr,crow_gold_tex.pvr,,,,,,,
CrowSilver,CrowSilver,,,,,,TID_TRUE_SILVER_CROW_SKIN,TID_TRUE_SILVER_CROW_SKIN_SHOP,,silver_materials.scw,crow_silver_tex.pvr,crow_silver_tex.pvr,crow_silver_tex.pvr,crow_silver_tex.pvr,,,,,,,
BarrelBotGold,BarrelBotGold,,,,,,TID_TRUE_GOLD_DARRYL_SKIN,TID_TRUE_GOLD_DARRYL_SKIN_SHOP,,gold_materials.scw,darryl_gold_tex.pvr,darryl_gold_tex.pvr,darryl_gold_tex.pvr,darryl_gold_tex.pvr,,,,,,,
BarrelBotSilver,BarrelBotSilver,,,,,,TID_TRUE_SILVER_DARRYL_SKIN,TID_TRUE_SILVER_DARRYL_SKIN_SHOP,,silver_materials.scw,darryl_silver_tex.pvr,darryl_silver_tex.pvr,darryl_silver_tex.pvr,darryl_silver_tex.pvr,,,,,,,
ClusterBombPetSnowman,ClusterBombPetSnowman,,,,,,,,,,tick_snowman_tex.pvr,tick_snowman_tex.pvr,tick_snowman_tex.pvr,tick_snowman_tex.pvr,,,,,,,
MechanicGold,MechanicGold,,,MechanicGoldTurret,,,TID_TRUE_GOLD_JESSIE_SKIN,TID_TRUE_GOLD_JESSIE_SKIN_SHOP,,gold_materials.scw,jessie_gold_tex.pvr,jessie_gold_tex.pvr,jessie_gold_tex.pvr,jessie_gold_tex.pvr,,,,,,,
MechanicSilver,MechanicSilver,,,MechanicSilverTurret,,,TID_TRUE_SILVER_JESSIE_SKIN,TID_TRUE_SILVER_JESSIE_SKIN_SHOP,,silver_materials.scw,jessie_silver_tex.pvr,jessie_silver_tex.pvr,jessie_silver_tex.pvr,jessie_silver_tex.pvr,,,,,,,
MechanicGoldTurret,TurretDefault,,,,,,,,,gold_materials.scw,dogturret_gold_tex.pvr,dogturret_gold_tex.pvr,dogturret_gold_tex.pvr,dogturret_gold_tex.pvr,,,,,,,
MechanicSilverTurret,TurretDefault,,,,,,,,,silver_materials.scw,dogturret_silver_tex.pvr,dogturret_silver_tex.pvr,dogturret_silver_tex.pvr,dogturret_silver_tex.pvr,,,,,,,
ClusterBombPetGold,ClusterBombPetDefault,,,,,,,,,gold_materials.scw,tick_gold_tex.pvr,tick_gold_tex.pvr,tick_gold_tex.pvr,tick_gold_tex.pvr,,,,,,,
ClusterBombPetSilver,ClusterBombPetDefault,,,,,,,,,silver_materials.scw,tick_silver_tex.pvr,tick_silver_tex.pvr,tick_silver_tex.pvr,tick_silver_tex.pvr,,,,,,,
BlackHoleGold,BlackHoleGold,,,,,,TID_TRUE_GOLD_TARA_SKIN,TID_TRUE_GOLD_TARA_SKIN_SHOP,,gold_materials.scw,tara_gold_tex.pvr,tara_gold_tex.pvr,tara_gold_tex.pvr,tara_gold_tex.pvr,,,,,,,
BlackHoleSilver,BlackHoleSilver,,,,,,TID_TRUE_SILVER_TARA_SKIN,TID_TRUE_SILVER_TARA_SKIN_SHOP,,silver_materials.scw,tara_silver_tex.pvr,tara_silver_tex.pvr,tara_silver_tex.pvr,tara_silver_tex.pvr,,,,,,,
RuffsDefault,RuffsDefault,,,,,,,,,,ruffs_tex.pvr,ruffs_tex.pvr,ruffs_tex.pvr,ruffs_tex.pvr,,,,,,,
BullDudeOx,BullDudeOx,,,,,149,TID_SPACE_OX_BULL_SKIN,TID_SPACE_OX_BULL_SKIN_SHOP,,,bull_ox_tex.pvr,bull_ox_tex.pvr,bull_ox_tex.pvr,bull_ox_tex.pvr,,,,,,,
CactusLord,CactusLord,,,,,149,TID_DARK_LORD_SPIKE_SKIN,TID_DARK_LORD_SPIKE_SKIN_SHOP,,,spike_lord_tex.pvr,spike_lord_tex.pvr,spike_lord_tex.pvr,spike_lord_tex.pvr,,,,,,,
BarrelBotLaser,BarrelBotLaser,,,,,79,TID_D4R-RY1_SKIN,TID_D4R-RY1_SKIN_SHOP,,,darryl_droid_tex.pvr,darryl_droid_tex.pvr,darryl_droid_tex.pvr,darryl_droid_tex.pvr,,,,,,,
Proto01Default,Proto01Default,,,,,,,,,,shark_leon_tex.pvr,shark_leon_tex.pvr,shark_leon_tex.pvr,shark_leon_tex.pvr,,,,,,,
IceDudeCrooner,IceDudeCrooner,,,,,79,TID_SMOOTH_LOU_SKIN,TID_SMOOTH_LOU_SKIN_SHOP,,,lou_crooner_tex.pvr,lou_crooner_tex.pvr,lou_crooner_tex.pvr,lou_crooner_tex.pvr,,,,,,,
WhirlwindDarkTide,WhirlwindDarkTide,,,,,,TID_DARK_TIDE_CARL_SKIN,TID_DARK_TIDE_CARL_SKIN_SHOP,,,"carl_pirate_tex.pvr+hue(masks/carl/carl_bandana_msk.png,25.115999)+value(masks/carl/carl_bandana_msk.png,0.581000)+hue(masks/carl/carl_belt_msk.png,121.394997)+value(masks/carl/carl_boots_gloves_msk.png,0.349000)+saturation(masks/carl/carl_bright_boot_glove_msk.png,1.279000)+hue(masks/carl/carl_coat_trunks_msk.png,318.140015)+value(masks/carl/carl_bright_boot_glove_msk.png,0.814000)+value(masks/carl/carl_belt_msk.png,1.163000)+value(masks/carl/carl_coat_trunks_msk.png,0.116000)+value(masks/carl/carl_hat_msk.png,0.465000)+saturation(masks/carl/carl_hat_msk.png,3.372000)+hue(masks/carl/carl_hat_msk.png,309.766998)+saturation(masks/carl/carl_coat_trunks_msk.png,0.814000)+value(masks/carl/carl_sleeves_msk.png,0.116000)+hue(masks/carl/carl_sleeves_msk.png,226.046997)+saturation(masks/carl/carl_sleeves_msk.png,9.186000)+value(masks/carl/carl_x_msk.png,0.465000)+hue(masks/carl/carl_x_msk.png,29.302000)+hue(masks/carl/carl_ship_handle_msk.png,192.557999)+value(masks/carl/carl_ship_handle_msk.png,0.349000)+hue(masks/carl/carl_ship_metal_msk.png,192.557999)+saturation(masks/carl/carl_ship_metal_msk.png,0.581000)+value(masks/carl/carl_ship_metal_msk.png,0.581000)+hue(masks/carl/carl_ship_skull_msk.png,175.813995)+saturation(masks/carl/carl_ship_skull_msk.png,0.116000)+saturation(masks/carl/carl_hull_msk.png,0.814000)+value(masks/carl/carl_hull_msk.png,0.581000)","carl_pirate_tex.pvr+hue(masks/carl/carl_bandana_msk.png,25.115999)+value(masks/carl/carl_bandana_msk.png,0.581000)+hue(masks/carl/carl_belt_msk.png,121.394997)+value(masks/carl/carl_boots_gloves_msk.png,0.349000)+saturation(masks/carl/carl_bright_boot_glove_msk.png,1.279000)+hue(masks/carl/carl_coat_trunks_msk.png,318.140015)+value(masks/carl/carl_bright_boot_glove_msk.png,0.814000)+value(masks/carl/carl_belt_msk.png,1.163000)+value(masks/carl/carl_coat_trunks_msk.png,0.116000)+value(masks/carl/carl_hat_msk.png,0.465000)+saturation(masks/carl/carl_hat_msk.png,3.372000)+hue(masks/carl/carl_hat_msk.png,309.766998)+saturation(masks/carl/carl_coat_trunks_msk.png,0.814000)+value(masks/carl/carl_sleeves_msk.png,0.116000)+hue(masks/carl/carl_sleeves_msk.png,226.046997)+saturation(masks/carl/carl_sleeves_msk.png,9.186000)+value(masks/carl/carl_x_msk.png,0.465000)+hue(masks/carl/carl_x_msk.png,29.302000)+hue(masks/carl/carl_ship_handle_msk.png,192.557999)+value(masks/carl/carl_ship_handle_msk.png,0.349000)+hue(masks/carl/carl_ship_metal_msk.png,192.557999)+saturation(masks/carl/carl_ship_metal_msk.png,0.581000)+value(masks/carl/carl_ship_metal_msk.png,0.581000)+hue(masks/carl/carl_ship_skull_msk.png,175.813995)+saturation(masks/carl/carl_ship_skull_msk.png,0.116000)+saturation(masks/carl/carl_hull_msk.png,0.814000)+value(masks/carl/carl_hull_msk.png,0.581000)","carl_pirate_tex.pvr+hue(masks/carl/carl_belt_msk.png,129.766998)+hue(masks/carl/carl_coat_trunks_msk.png,221.860001)+saturation(masks/carl/carl_hat_msk.png,1.628000)+hue(masks/carl/carl_sleeves_msk.png,180.000000)+saturation(masks/carl/carl_sleeves_msk.png,3.721000)+hue(masks/carl/carl_x_msk.png,0.000000)+value(masks/carl/carl_sleeves_msk.png,0.581000)+value(masks/carl/carl_x_msk.png,0.581000)+hue(masks/carl/carl_bandana_msk.png,16.743999)+value(masks/carl/carl_bandana_msk.png,0.581000)+hue(masks/carl/carl_ship_metal_msk.png,188.371994)+saturation(masks/carl/carl_ship_metal_msk.png,0.349000)+value(masks/carl/carl_ship_metal_msk.png,0.930000)+value(masks/carl/carl_ship_skull_msk.png,0.349000)+hue(masks/carl/carl_ship_skull_msk.png,159.070007)","carl_pirate_tex.pvr+hue(masks/carl/carl_belt_msk.png,129.766998)+hue(masks/carl/carl_coat_trunks_msk.png,221.860001)+saturation(masks/carl/carl_hat_msk.png,1.628000)+hue(masks/carl/carl_sleeves_msk.png,180.000000)+saturation(masks/carl/carl_sleeves_msk.png,3.721000)+hue(masks/carl/carl_x_msk.png,0.000000)+value(masks/carl/carl_sleeves_msk.png,0.581000)+value(masks/carl/carl_x_msk.png,0.581000)+hue(masks/carl/carl_bandana_msk.png,16.743999)+value(masks/carl/carl_bandana_msk.png,0.581000)+hue(masks/carl/carl_ship_metal_msk.png,188.371994)+saturation(masks/carl/carl_ship_metal_msk.png,0.349000)+value(masks/carl/carl_ship_metal_msk.png,0.930000)+value(masks/carl/carl_ship_skull_msk.png,0.349000)+hue(masks/carl/carl_ship_skull_msk.png,159.070007)",,,,,,,
RuffsRonin,RuffsRonin,,,,,149,TID_RONIN_RUFFS_SKIN,TID_RONIN_RUFFS_SKIN_SHOP,,,ruffs_ronin_tex.pvr,ruffs_ronin_tex.pvr,ruffs_ronin_tex.pvr,ruffs_ronin_tex.pvr,,,,,,,
RuffsCoverDefault,RuffsCoverDefault,,,,,,,,,,,,,,,,,,,,
PercenterCrew,PercenterCrew,,,MechanicTurretTanuki,,79,TID_NAVIGATOR_COLETTE_SKIN,TID_NAVIGATOR_COLETTE_SHOP,,,colette_crew_tex.pvr,colette_crew_tex.pvr,colette_crew_tex.pvr,colette_crew_tex.pvr,,,,,,,